{
  "dataset": {
    "total": 67663,
    "class_distribution": {
      "injection": 67163,
      "benign": 500
    },
    "splits": {
      "train": 47364,
      "validation": 10149,
      "test": 10150
    }
  },
  "primary_metric": {
    "threshold": 0.5
  },
  "calibrated_metrics": [
    "optimal_f1",
    "fpr_le_0_05",
    "fpr_le_0_01"
  ],
  "confidence_intervals": {
    "Config C: Full": {
      "primary_threshold_0_5": {
        "f1_mean": 0.40376065516961934,
        "f1_ci_lower": 0.3932836721059675,
        "f1_ci_upper": 0.41453835877845474
      },
      "optimal_threshold": {
        "f1_mean": 0.9996048260812277,
        "f1_ci_lower": 0.999303946375522,
        "f1_ci_upper": 0.9998511169943811
      }
    }
  },
  "metrics": {
    "Config A: Rules": {
      "validation_default_0_5": {
        "p": 1.0,
        "r": 0.2464,
        "f1": 0.3953,
        "auc": 0.6232,
        "pr_auc": 0.9944308070617366
      },
      "test_default_0_5": {
        "p": 1.0,
        "r": 0.2503,
        "f1": 0.4004,
        "auc": 0.6252,
        "pr_auc": 0.9944605116796441
      },
      "test_calibrated": {
        "optimal_f1": {
          "threshold": 0.01,
          "p": 1.0,
          "r": 0.2503,
          "f1": 0.4004,
          "auc": 0.6252,
          "pr_auc": 0.9944605116796441
        },
        "fpr_le_0_05": {
          "threshold": 1.0,
          "p": 1.0,
          "r": 0.2503,
          "f1": 0.4004,
          "auc": 0.6252,
          "pr_auc": 0.9944605116796441
        },
        "fpr_le_0_01": {
          "threshold": 1.0,
          "p": 1.0,
          "r": 0.2503,
          "f1": 0.4004,
          "auc": 0.6252,
          "pr_auc": 0.9944605116796441
        }
      }
    },
    "Config B: Hybrid": {
      "validation_default_0_5": {
        "p": 1.0,
        "r": 0.0598,
        "f1": 0.1128,
        "auc": 0.8342,
        "pr_auc": 0.9984950808101393
      },
      "test_default_0_5": {
        "p": 1.0,
        "r": 0.0631,
        "f1": 0.1188,
        "auc": 0.7905,
        "pr_auc": 0.9980440466895406
      },
      "test_calibrated": {
        "optimal_f1": {
          "threshold": 0.0,
          "p": 0.9926,
          "r": 1.0,
          "f1": 0.9963,
          "auc": 0.7905,
          "pr_auc": 0.9980440466895406
        },
        "fpr_le_0_05": {
          "threshold": 0.0201,
          "p": 0.9993,
          "r": 0.5508,
          "f1": 0.7101,
          "auc": 0.7905,
          "pr_auc": 0.9980440466895406
        },
        "fpr_le_0_01": {
          "threshold": 0.0464,
          "p": 0.9997,
          "r": 0.3117,
          "f1": 0.4752,
          "auc": 0.7905,
          "pr_auc": 0.9980440466895406
        }
      }
    },
    "Config C: Full": {
      "validation_default_0_5": {
        "p": 1.0,
        "r": 0.2492,
        "f1": 0.3989,
        "auc": 0.9999,
        "pr_auc": 0.9999994298043293
      },
      "test_default_0_5": {
        "p": 1.0,
        "r": 0.2526,
        "f1": 0.4033,
        "auc": 0.9999,
        "pr_auc": 0.9999990684285321
      },
      "test_calibrated": {
        "optimal_f1": {
          "threshold": 0.3105,
          "p": 0.9999,
          "r": 0.9993,
          "f1": 0.9996,
          "auc": 0.9999,
          "pr_auc": 0.9999990684285321
        },
        "fpr_le_0_05": {
          "threshold": 0.1808,
          "p": 0.9996,
          "r": 0.9996,
          "f1": 0.9996,
          "auc": 0.9999,
          "pr_auc": 0.9999990684285321
        },
        "fpr_le_0_01": {
          "threshold": 0.3105,
          "p": 0.9999,
          "r": 0.9993,
          "f1": 0.9996,
          "auc": 0.9999,
          "pr_auc": 0.9999990684285321
        }
      }
    },
    "Semantic Baseline": {
      "validation_default_0_5": {
        "p": 1.0,
        "r": 0.998,
        "f1": 0.999,
        "auc": 1.0,
        "pr_auc": 0.9999997439669668
      },
      "test_default_0_5": {
        "p": 1.0,
        "r": 0.9981,
        "f1": 0.9991,
        "auc": 1.0,
        "pr_auc": 0.9999996357977441
      },
      "test_calibrated": {
        "optimal_f1": {
          "threshold": 0.12096294256920617,
          "p": 1.0,
          "r": 0.9994,
          "f1": 0.9997,
          "auc": 1.0,
          "pr_auc": 0.9999996357977441
        },
        "fpr_le_0_05": {
          "threshold": 0.07892520053553574,
          "p": 0.9996,
          "r": 0.9996,
          "f1": 0.9996,
          "auc": 1.0,
          "pr_auc": 0.9999996357977441
        },
        "fpr_le_0_01": {
          "threshold": 0.12096294256920617,
          "p": 1.0,
          "r": 0.9994,
          "f1": 0.9997,
          "auc": 1.0,
          "pr_auc": 0.9999996357977441
        }
      }
    }
  }
}