{
  "dataset": {
    "total": 1000,
    "class_distribution": {
      "injection": 500,
      "benign": 500
    },
    "splits": {
      "train": 700,
      "validation": 150,
      "test": 150
    }
  },
  "primary_metric": {
    "threshold": 0.5
  },
  "calibrated_metrics": [
    "optimal_f1",
    "fpr_le_0_05",
    "fpr_le_0_01"
  ],
  "confidence_intervals": {
    "Config C: Full": {
      "primary_threshold_0_5": {
        "f1_mean": 0.37015857664277635,
        "f1_ci_lower": 0.2485252808988764,
        "f1_ci_upper": 0.4927323799795709
      },
      "optimal_threshold": {
        "f1_mean": 0.9670637158575294,
        "f1_ci_lower": 0.9374752833373523,
        "f1_ci_upper": 0.9934640522875817
      }
    }
  },
  "metrics": {
    "Config A: Rules": {
      "validation_default_0_5": {
        "p": 1.0,
        "r": 0.3333,
        "f1": 0.5,
        "auc": 0.6667,
        "pr_auc": 0.6666666666666667
      },
      "test_default_0_5": {
        "p": 1.0,
        "r": 0.2267,
        "f1": 0.3696,
        "auc": 0.6133,
        "pr_auc": 0.6133333333333333
      },
      "test_calibrated": {
        "optimal_f1": {
          "threshold": 0.01,
          "p": 1.0,
          "r": 0.2267,
          "f1": 0.3696,
          "auc": 0.6133,
          "pr_auc": 0.6133333333333333
        },
        "fpr_le_0_05": {
          "threshold": 1.0,
          "p": 1.0,
          "r": 0.2267,
          "f1": 0.3696,
          "auc": 0.6133,
          "pr_auc": 0.6133333333333333
        },
        "fpr_le_0_01": {
          "threshold": 1.0,
          "p": 1.0,
          "r": 0.2267,
          "f1": 0.3696,
          "auc": 0.6133,
          "pr_auc": 0.6133333333333333
        }
      }
    },
    "Config B: Hybrid": {
      "validation_default_0_5": {
        "p": 1.0,
        "r": 0.1067,
        "f1": 0.1928,
        "auc": 0.8068,
        "pr_auc": 0.8490781065198121
      },
      "test_default_0_5": {
        "p": 1.0,
        "r": 0.0933,
        "f1": 0.1707,
        "auc": 0.8604,
        "pr_auc": 0.8920184425720543
      },
      "test_calibrated": {
        "optimal_f1": {
          "threshold": 0.0157,
          "p": 0.8056,
          "r": 0.7733,
          "f1": 0.7891,
          "auc": 0.8604,
          "pr_auc": 0.8920184425720543
        },
        "fpr_le_0_05": {
          "threshold": 0.0197,
          "p": 0.8889,
          "r": 0.64,
          "f1": 0.7442,
          "auc": 0.8604,
          "pr_auc": 0.8920184425720543
        },
        "fpr_le_0_01": {
          "threshold": 0.1253,
          "p": 1.0,
          "r": 0.2533,
          "f1": 0.4043,
          "auc": 0.8604,
          "pr_auc": 0.8920184425720543
        }
      }
    },
    "Config C: Full": {
      "validation_default_0_5": {
        "p": 1.0,
        "r": 0.3333,
        "f1": 0.5,
        "auc": 1.0,
        "pr_auc": 0.9999999999999999
      },
      "test_default_0_5": {
        "p": 1.0,
        "r": 0.2267,
        "f1": 0.3696,
        "auc": 1.0,
        "pr_auc": 0.9999999999999999
      },
      "test_calibrated": {
        "optimal_f1": {
          "threshold": 0.3772,
          "p": 1.0,
          "r": 0.9333,
          "f1": 0.9655,
          "auc": 1.0,
          "pr_auc": 0.9999999999999999
        },
        "fpr_le_0_05": {
          "threshold": 0.0396,
          "p": 0.9868,
          "r": 1.0,
          "f1": 0.9934,
          "auc": 1.0,
          "pr_auc": 0.9999999999999999
        },
        "fpr_le_0_01": {
          "threshold": 0.3772,
          "p": 1.0,
          "r": 0.9333,
          "f1": 0.9655,
          "auc": 1.0,
          "pr_auc": 0.9999999999999999
        }
      }
    },
    "Semantic Baseline": {
      "validation_default_0_5": {
        "p": 1.0,
        "r": 1.0,
        "f1": 1.0,
        "auc": 1.0,
        "pr_auc": 0.9999999999999999
      },
      "test_default_0_5": {
        "p": 1.0,
        "r": 1.0,
        "f1": 1.0,
        "auc": 1.0,
        "pr_auc": 0.9999999999999998
      },
      "test_calibrated": {
        "optimal_f1": {
          "threshold": 0.6329845849818193,
          "p": 1.0,
          "r": 1.0,
          "f1": 1.0,
          "auc": 1.0,
          "pr_auc": 0.9999999999999998
        },
        "fpr_le_0_05": {
          "threshold": 0.17658077808599693,
          "p": 0.9375,
          "r": 1.0,
          "f1": 0.9677,
          "auc": 1.0,
          "pr_auc": 0.9999999999999998
        },
        "fpr_le_0_01": {
          "threshold": 0.6329845849818193,
          "p": 1.0,
          "r": 1.0,
          "f1": 1.0,
          "auc": 1.0,
          "pr_auc": 0.9999999999999998
        }
      }
    }
  }
}