{
  "selection_split": "validation",
  "thresholds": {
    "Config A: Rules": {
      "optimal_f1": 0.01,
      "fpr_le_0_05": 1.0,
      "fpr_le_0_01": 1.0
    },
    "Config B: Hybrid": {
      "optimal_f1": 0.0,
      "fpr_le_0_05": 0.0201,
      "fpr_le_0_01": 0.0464
    },
    "Config C: Full": {
      "optimal_f1": 0.3105,
      "fpr_le_0_05": 0.1808,
      "fpr_le_0_01": 0.3105
    },
    "Semantic Baseline": {
      "optimal_f1": 0.12096294256920617,
      "fpr_le_0_05": 0.07892520053553574,
      "fpr_le_0_01": 0.12096294256920617
    }
  }
}