{
  "selection_split": "validation",
  "datasets": {
    "full": {
      "Ablation: No Normalization": {
        "optimal_f1": 0.23337046849622545,
        "fpr_le_0_05": 0.06975730885125118,
        "fpr_le_0_01": 0.19244883094169565
      },
      "Ablation: No Semantic Model": {
        "optimal_f1": 0.1069,
        "fpr_le_0_05": 0.2134,
        "fpr_le_0_01": 0.4728
      },
      "Config A: Rules": {
        "optimal_f1": 0.01,
        "fpr_le_0_05": 1.0,
        "fpr_le_0_01": 1.0
      },
      "Config B: Hybrid": {
        "optimal_f1": 0.01,
        "fpr_le_0_05": 0.0521,
        "fpr_le_0_01": 0.7863
      },
      "Config C: Full": {
        "optimal_f1": 0.1069,
        "fpr_le_0_05": 0.2134,
        "fpr_le_0_01": 0.4728
      },
      "Semantic Baseline": {
        "optimal_f1": 0.2271095159558748,
        "fpr_le_0_05": 0.054844920901272805,
        "fpr_le_0_01": 0.1548466505684529
      }
    },
    "balanced": {
      "Ablation: No Normalization": {
        "optimal_f1": 0.2374154326786136,
        "fpr_le_0_05": 0.05902855670964425,
        "fpr_le_0_01": 0.0936156336700538
      },
      "Ablation: No Semantic Model": {
        "optimal_f1": 0.377,
        "fpr_le_0_05": 0.0393,
        "fpr_le_0_01": 0.408
      },
      "Config A: Rules": {
        "optimal_f1": 0.01,
        "fpr_le_0_05": 1.0,
        "fpr_le_0_01": 1.0
      },
      "Config B: Hybrid": {
        "optimal_f1": 0.0101,
        "fpr_le_0_05": 0.069,
        "fpr_le_0_01": 0.6484
      },
      "Config C: Full": {
        "optimal_f1": 0.377,
        "fpr_le_0_05": 0.0393,
        "fpr_le_0_01": 0.408
      },
      "Semantic Baseline": {
        "optimal_f1": 0.2164517025342053,
        "fpr_le_0_05": 0.05276408403674269,
        "fpr_le_0_01": 0.0809207548305026
      }
    }
  }
}